{"cameraMode":{"drawMode":0,"name":"Shaded","section":"Shading Mode"},"sceneLighting":true,"audioPlay":false,"sceneViewState":{"showFog":true,"showMaterialUpdate":false,"showSkybox":true,"showFlares":true,"showImageEffects":true,"showParticleSystems":true},"in2DMode":false,"pivot":{"x":207.6419219970703,"y":254.7874755859375,"z":2.689605712890625},"rotation":{"x":0.04529803991317749,"y":0.005118817090988159,"z":-0.00023271481040865183,"w":0.9989604353904724},"size":59.30060577392578,"orthographic":false}